Workbook
Name AKURASI: 'PERHITUNGAN MANUAL'!$AD$7:$AD$15
Name BP_STBL: 'DATA TRAINING'!$G$2:$G$80
Name COMFORT: 'DATA TRAINING'!$H$2:$H$80
Name CORE_STBL: 'DATA TRAINING'!$F$2:$F$80
Name DECISION: 'DATA TRAINING'!$I$2:$I$80
Name LBP: 'DATA TRAINING'!$D$2:$D$80
Name LCORE: 'DATA TRAINING'!$A$2:$A$80
Name LO: 'DATA TRAINING'!$C$2:$C$80
Name LSURF: 'DATA TRAINING'!$B$2:$B$80
Name post_operative__1: 'DATA TRAINING'!$A$2:$I$80
Name SURF_STBL: 'DATA TRAINING'!$E$2:$E$80

Sheet DATA  TRAINING
A1: L-CORE | B1: L-SURF | C1: L-O2 | D1: L-BP | E1: SURF-STBL | F1: CORE-STBL | G1: BP-STBL | H1: COMFORT | I1: DECISION
A2: mid | B2: low | C2: excellent | D2: mid | E2: stable | F2: stable | G2: stable | H2: 15 | I2: A
A3: mid | B3: high | C3: excellent | D3: high | E3: stable | F3: stable | G3: stable | H3: 10 | I3: S
A4: high | B4: low | C4: excellent | D4: high | E4: stable | F4: stable | G4: mod-stable | H4: 10 | I4: A
A5: mid | B5: low | C5: good | D5: high | E5: stable | F5: unstable | G5: mod-stable | H5: 15 | I5: A
A6: mid | B6: mid | C6: excellent | D6: high | E6: stable | F6: stable | G6: stable | H6: 10 | I6: A
A7: high | B7: low | C7: good | D7: mid | E7: stable | F7: stable | G7: unstable | H7: 15 | I7: S
A8: mid | B8: low | C8: excellent | D8: high | E8: stable | F8: stable | G8: mod-stable | H8: 5 | I8: S
A9: high | B9: mid | C9: excellent | D9: mid | E9: unstable | F9: unstable | G9: stable | H9: 10 | I9: S
A10: mid | B10: high | C10: good | D10: mid | E10: stable | F10: stable | G10: stable | H10: 10 | I10: S
A11: mid | B11: low | C11: excellent | D11: mid | E11: unstable | F11: stable | G11: mod-stable | H11: 10 | I11: S
A12: mid | B12: mid | C12: good | D12: mid | E12: stable | F12: stable | G12: stable | H12: 15 | I12: A
A13: mid | B13: low | C13: good | D13: high | E13: stable | F13: stable | G13: mod-stable | H13: 10 | I13: A
... A48: mid | B48: mid | C48: excellent | D48: mid | E48: unstable | F48: stable | G48: stable | H48: 10 | I48: A
A49: high | B49: high | C49: excellent | D49: high | E49: stable | F49: stable | G49: unstable | H49: ? | I49: A
A50: mid | B50: high | C50: good | D50: low | E50: unstable | F50: stable | G50: stable | H50: 10 | I50: A
A51: mid | B51: high | C51: good | D51: mid | E51: unstable | F51: mod-stable | G51: mod-stable | H51: 10 | I51: A
A52: low | B52: high | C52: excellent | D52: mid | E52: unstable | F52: stable | G52: stable | H52: 10 | I52: A
A53: mid | B53: low | C53: excellent | D53: high | E53: unstable | F53: stable | G53: unstable | H53: 10 | I53: A
A54: mid | B54: mid | C54: good | D54: mid | E54: unstable | F54: stable | G54: mod-stable | H54: 10 | I54: S
A55: high | B55: high | C55: excellent | D55: mid | E55: unstable | F55: stable | G55: mod-stable | H55: 10 | I55: A
A56: mid | B56: mid | C56: good | D56: mid | E56: unstable | F56: stable | G56: stable | H56: 15 | I56: A
A57: high | B57: mid | C57: good | D57: high | E57: stable | F57: stable | G57: unstable | H57: 15 | I57: A
A58: mid | B58: low | C58: good | D58: high | E58: unstable | F58: stable | G58: mod-stable | H58: 10 | I58: A
A59: low | B59: low | C59: good | D59: high | E59: stable | F59: stable | G59: stable | H59: 10 | I59: A
A60: mid | B60: high | C60: good | D60: mid | E60: stable | F60: stable | G60: mod-stable | H60: 10 | I60: A
A61: mid | B61: high | C61: good | D61: mid | E61: unstable | F61: stable | G61: unstable | H61: 10 | I61: A
... A70: mid | B70: mid | C70: excellent | D70: low | E70: stable | F70: stable | G70: stable | H70: 10 | I70: A
A71: mid | B71: low | C71: excellent | D71: mid | E71: unstable | F71: unstable | G71: unstable | H71: ? | I71: A
A72: low | B72: low | C72: excellent | D72: mid | E72: stable | F72: stable | G72: stable | H72: 10 | I72: A
A73: mid | B73: mid | C73: excellent | D73: mid | E73: stable | F73: stable | G73: mod-stable | H73: 10 | I73: S
A74: mid | B74: mid | C74: excellent | D74: high | E74: stable | F74: stable | G74: stable | H74: 10 | I74: A
A75: mid | B75: low | C75: excellent | D75: high | E75: stable | F75: stable | G75: mod-stable | H75: 10 | I75: A
A76: low | B76: mid | C76: good | D76: mid | E76: stable | F76: stable | G76: unstable | H76: 10 | I76: A
A77: mid | B77: mid | C77: excellent | D77: mid | E77: stable | F77: stable | G77: mod-stable | H77: 10 | I77: A
A78: mid | B78: mid | C78: excellent | D78: mid | E78: stable | F78: stable | G78: unstable | H78: 10 | I78: A
A79: mid | B79: mid | C79: excellent | D79: mid | E79: unstable | F79: unstable | G79: stable | H79: 10 | I79: S
A80: mid | B80: mid | C80: good | D80: high | E80: stable | F80: stable | G80: stable | H80: 10 | I80: A

Sheet DATA TESTING
A1: L-CORE | B1: L-SURF | C1: L-O2 | D1: L-BP | E1: SURF-STBL | F1: CORE-STBL | G1: BP-STBL | H1: COMFORT | I1: DECISION
A2: mid | B2: mid | C2: excellent | D2: mid | E2: stable | F2: stable | G2: stable | H2: 15 | I2: A
A3: mid | B3: mid | C3: excellent | D3: mid | E3: stable | F3: stable | G3: stable | H3: 10 | I3: S
A4: high | B4: mid | C4: excellent | D4: mid | E4: unstable | F4: stable | G4: unstable | H4: 5 | I4: A
A5: mid | B5: mid | C5: excellent | D5: mid | E5: stable | F5: stable | G5: unstable | H5: 10 | I5: A
A6: mid | B6: mid | C6: excellent | D6: mid | E6: unstable | F6: stable | G6: stable | H6: 10 | I6: A
A7: mid | B7: mid | C7: excellent | D7: mid | E7: unstable | F7: stable | G7: stable | H7: 15 | I7: S
A8: mid | B8: mid | C8: good | D8: mid | E8: unstable | F8: stable | G8: stable | H8: 15 | I8: A
A9: mid | B9: mid | C9: excellent | D9: mid | E9: unstable | F9: stable | G9: stable | H9: 10 | I9: A
A10: mid | B10: mid | C10: good | D10: mid | E10: unstable | F10: stable | G10: stable | H10: 15 | I10: S

Sheet PERHITUNGAN MANUAL
A1: PROBABILITAS CLASS A ( P( DECISION = A )) | C1: =F1/F3 -> 0.73417722 | E1: JUMLAH A | F1: 58
A2: PROBABILITAS CLASS S ( P(DECISION = S )) | C2: =F2/F3 -> 0.26582278 | E2: JUMLAH S | F2: 21
E3: TOTAL | F3: =SUM(F1:F2) -> 79
I5: P(L-CORE|A) | J5: P(L-CORE|S) | K5: P(L-SURF|A) | L5: P(L-SURF|S) | M5: P(L-O2|A) | N5: P(L-O2|S) | O5: P(L-BP|A) | P5: P(L-BP|S) | Q5: P(SURF-STBL|A) | R5: P(SURF-STBL|S) | S5: P(CORE-STBL|A) | T5: P(CORE-STBL|S) | U5: P(BP-STBL|A) | V5: P(BP-STBL|S) | W5: P(COMFORT|A) | X5: P(COMFORT|S)
A6: L-CORE | B6: L-SURF | C6: L-O2 | D6: L-BP | E6: SURF-STBL | F6: CORE-STBL | G6: BP-STBL | H6: COMFORT | I6: PROBABILITAS L-CORE TERHADAP DECISION "A" | J6: PROBABILITAS L-CORE TERHADAP DECISION "S" | K6: PROBABILITAS L-SURF TERHADAP DECISION "A" | L6: PROBABILITAS L-SURF TERHADAP DECISION "S" | M6: PROBABILITAS L-O2 TERHADAP DECISION "A" | N6: PROBABILITAS L-O2 TERHADAP DECISION "S" | O6: PROBABILITAS L-BP TERHADAP DECISION "A" | P6: PROBABILITAS L-BP TERHADAP DECISION "S" | Q6: PROBABILITAS SURF-STBL TERHADAP DECISION "A" | R6: PROBABILITAS SURF-STBL TERHADAP DECISION "S" | S6: PROBABILITAS CORE-STBL TERHADAP DECISION "A" | T6: PROBABILITAS CORE-STBL TERHADAP DECISION "S" | U6: PROBABILITAS BP-STBL TERHADAP DECISION "A" | V6: PROBABILITAS BP-STBL TERHADAP DECISION "S" | W6: PROBABILITAS COMFORT TERHADAP DECISION "A" | X6: PROBABILITAS COMFORT TERHADAP DECISION "S" | Y6: TOTAL PROBABILITAS A | Z6: TOTAL PROBABILITAS S | AA6: DECISION | AC6: SEHARUSNYA | AD6: AKURASI
A7: mid | B7: mid | C7: excellent | D7: mid | E7: stable | F7: stable | G7: stable | H7: 15 | I7: =COUNTIFS(LCORE,'DATA TRAINING'!A2,DECISION,'DATA TRAINING'!I2)/'PERHITUNGAN MANUAL'!$F$1 -> 0.62068966 | J7: =COUNTIFS(LCORE,'DATA TRAINING'!A2,DECISION,'DATA TRAINING'!I3)/'PERHITUNGAN MANUAL'!$F$2 -> 0.57142857 | K7: =COUNTIFS(LSURF,'DATA TRAINING'!$B$6,DECISION,'DATA TRAINING'!$I$2)/'PERHITUNGAN MANUAL'!$F$1 -> 0.46551724 | L7: =COUNTIFS(LSURF,'DATA TRAINING'!$B$6,DECISION,'DATA TRAINING'!$I$3)/'PERHITUNGAN MANUAL'!$F$2 -> 0.52380952 | M7: =COUNTIFS(LO,'DATA TRAINING'!$C$2,DECISION,'DATA TRAINING'!$I$2)/'PERHITUNGAN MANUAL'!$F$1 -> 0.46551724 | N7: =COUNTIFS(LO,'DATA TRAINING'!$C$2,DECISION,'DATA TRAINING'!$I$3)/'PERHITUNGAN MANUAL'!$F$2 -> 0.42857143 | O7: =COUNTIFS(LBP,'DATA TRAINING'!$D$2,DECISION,'DATA TRAINING'!$I$2)/'PERHITUNGAN MANUAL'!$F$1 -> 0.55172414 | P7: =COUNTIFS(LBP,'DATA TRAINING'!$D$2,DECISION,'DATA TRAINING'!$I$3)/'PERHITUNGAN MANUAL'!$F$2 -> 0.71428571 | Q7: =COUNTIFS(SURF_STBL,'DATA TRAINING'!$E$2,DECISION,'DATA TRAINING'!$I$2)/'PERHITUNGAN MANUAL'!$F$1 -> 0.5 | R7: =COUNTIFS(SURF_STBL,'DATA TRAINING'!$E$2,DECISION,'DATA TRAINING'!$I$3)/'PERHITUNGAN MANUAL'!$F$2 -> 0.52380952 | S7: =COUNTIFS(CORE_STBL,'DATA TRAINING'!$F$2,DECISION,'DATA TRAINING'!$I$2)/'PERHITUNGAN MANUAL'!$F$1 -> 0.93103448 | T7: =COUNTIFS(CORE_STBL,'DATA TRAINING'!$F$2,DECISION,'DATA TRAINING'!$I$3)/'PERHITUNGAN MANUAL'!$F$2 -> 0.85714286 | U7: =COUNTIFS(BP_STBL,'DATA TRAINING'!$G$2,DECISION,'DATA TRAINING'!$I$2)/'PERHITUNGAN MANUAL'!$F$1 -> 0.44827586 | V7: =COUNTIFS(BP_STBL,'DATA TRAINING'!$G$2,DECISION,'DATA TRAINING'!$I$3)/'PERHITUNGAN MANUAL'!$F$2 -> 0.57142857 | W7: =COUNTIFS(COMFORT,'DATA TRAINING'!$H$2,DECISION,'DATA TRAINING'!$I$2)/'PERHITUNGAN MANUAL'!$F$1 -> 0.17241379 | X7: =COUNTIFS(COMFORT,'DATA TRAINING'!$H$2,DECISION,'DATA TRAINING'!$I$3)/'PERHITUNGAN MANUAL'!$F$2 -> 0.19047619 | Y7: =$C$1*I7*K7*M7*O7*Q7*S7*U7*W7 -> 0.0019602979 | Z7: =$C$2*J7*L7*N7*P7*R7*T7*V7*X7 -> 0.0011902878 | AA7: =MAX(Y7:Z7) -> 0.0019602979 | AB7: A | AC7: A | AD7: =IF(AB7=AC7,TRUE,FALSE) -> TRUE
A8: mid | B8: mid | C8: excellent | D8: mid | E8: stable | F8: stable | G8: stable | H8: 10 | I8: =I7 -> 0.62068966 | J8: =J7 -> 0.57142857 | K8: =COUNTIFS(LSURF,'DATA TRAINING'!$B$6,DECISION,'DATA TRAINING'!$I$2)/'PERHITUNGAN MANUAL'!$F$1 -> 0.46551724 | L8: =L7 -> 0.52380952 | M8: =M7 -> 0.46551724 | N8: =N7 -> 0.42857143 | O8: =O7 -> 0.55172414 | P8: =P7 -> 0.71428571 | Q8: =Q7 -> 0.5 | R8: =R7 -> 0.52380952 | S8: =S7 -> 0.93103448 | ... V8: =V7 -> 0.57142857 | W8: =COUNTIFS(COMFORT,'DATA TRAINING'!$H$3,DECISION,'DATA TRAINING'!$I$2)/'PERHITUNGAN MANUAL'!$F$1 -> 0.77586207 | X8: =COUNTIFS(COMFORT,'DATA TRAINING'!$H$3,DECISION,'DATA TRAINING'!$I$3)/'PERHITUNGAN MANUAL'!$F$2 -> 0.71428571 | Y8: =$C$1*I8*K8*M8*O8*Q8*S8*U8*W8 -> 0.0088213404 | Z8: =$C$2*J8*L8*N8*P8*R8*T8*V8*X8 -> 0.0044635792 | AA8: =MAX(Y8:Z8) -> 0.0088213404 | AB8: A | AC8: S | AD8: =IF(AB8=AC8,TRUE,FALSE) -> FALSE
A9: high | B9: mid | C9: excellent | D9: mid | E9: unstable | F9: stable | G9: unstable | H9: 5 | I9: =COUNTIFS(LCORE,'DATA TRAINING'!A4,DECISION,'DATA TRAINING'!I2)/'PERHITUNGAN MANUAL'!$F$1 -> 0.15517241 | J9: =COUNTIFS(LCORE,'DATA TRAINING'!A4,DECISION,'DATA TRAINING'!I3)/'PERHITUNGAN MANUAL'!$F$2 -> 0.14285714 | K9: =COUNTIFS(LSURF,'DATA TRAINING'!$B$6,DECISION,'DATA TRAINING'!$I$2)/'PERHITUNGAN MANUAL'!$F$1 -> 0.46551724 | L9: =L7 -> 0.52380952 | M9: =M7 -> 0.46551724 | N9: =N7 -> 0.42857143 | O9: =O7 -> 0.55172414 | P9: =P7 -> 0.71428571 | Q9: =COUNTIFS(SURF_STBL,'DATA TRAINING'!$E$9,DECISION,'DATA TRAINING'!$I$2)/'PERHITUNGAN MANUAL'!$F$1 -> 0.48275862 | R9: =COUNTIFS(SURF_STBL,'DATA TRAINING'!$E$9,DECISION,'DATA TRAINING'!$I$3)/'PERHITUNGAN MANUAL'!$F$2 -> 0.47619048 | S9: =S7 -> 0.93103448 | T9: =T7 -> 0.85714286 | U9: =COUNTIFS(BP_STBL,'DATA TRAINING'!$G$7,DECISION,'DATA TRAINING'!$I$2)/'PERHITUNGAN MANUAL'!$F$1 -> 0.25862069 | V9: =COUNTIFS(BP_STBL,'DATA TRAINING'!$G$7,DECISION,'DATA TRAINING'!$I$3)/'PERHITUNGAN MANUAL'!$F$2 -> 0.23809524 | W9: =COUNTIFS(COMFORT,'DATA TRAINING'!$H$8,DECISION,'DATA TRAINING'!$I$2)/'PERHITUNGAN MANUAL'!$F$1 -> 0 | X9: =COUNTIFS(COMFORT,'DATA TRAINING'!$H$8,DECISION,'DATA TRAINING'!$I$3)/'PERHITUNGAN MANUAL'!$F$2 -> 0.047619048 | Y9: =$C$1*I9*K9*M9*O9*Q9*S9*U9*W9 -> 0 | Z9: =$C$2*J9*L9*N9*P9*R9*T9*V9*X9 -> 2.8179161e-05 | AA9: =MAX(Y9:Z9) -> 2.8179161e-05 | AB9: S | AC9: A | AD9: =IF(AB9=AC9,TRUE,FALSE) -> FALSE
A10: mid | B10: mid | C10: excellent | D10: mid | E10: stable | F10: stable | G10: unstable | H10: 10 | I10: =I7 -> 0.62068966 | J10: =J7 -> 0.57142857 | K10: =COUNTIFS(LSURF,'DATA TRAINING'!$B$6,DECISION,'DATA TRAINING'!$I$2)/'PERHITUNGAN MANUAL'!$F$1 -> 0.46551724 | L10: =L7 -> 0.52380952 | M10: =M7 -> 0.46551724 | N10: =N7 -> 0.42857143 | O10: =O7 -> 0.55172414 | P10: =P7 -> 0.71428571 | Q10: =Q7 -> 0.5 | R10: =R8 -> 0.52380952 | S10: =S7 -> 0.93103448 | T10: =T7 -> 0.85714286 | U10: =U9 -> 0.25862069 | V10: =V9 -> 0.23809524 | W10: =W8 -> 0.77586207 | X10: =X8 -> 0.71428571 | Y10: =$C$1*I10*K10*M10*O10*Q10*S10*U10*W10 -> 0.0050892348 | Z10: =$C$2*J10*L10*N10*P10*R10*T10*V10*X10 -> 0.0018598246 | AA10: =MAX(Y10:Z10) -> 0.0050892348 | AB10: A | AC10: A | AD10: =IF(AB10=AC10,TRUE,FALSE) -> TRUE
A11: mid | B11: mid | C11: excellent | D11: mid | E11: unstable | F11: stable | G11: stable | H11: 10 | I11: =I7 -> 0.62068966 | J11: =J7 -> 0.57142857 | K11: =COUNTIFS(LSURF,'DATA TRAINING'!$B$6,DECISION,'DATA TRAINING'!$I$2)/'PERHITUNGAN MANUAL'!$F$1 -> 0.46551724 | L11: =L7 -> 0.52380952 | M11: =M7 -> 0.46551724 | N11: =N7 -> 0.42857143 | O11: =O7 -> 0.55172414 | P11: =P7 -> 0.71428571 | Q11: =Q9 -> 0.48275862 | R11: =R9 -> 0.47619048 | S11: =S7 -> 0.93103448 | T11: =T7 -> 0.85714286 | U11: =U7 -> 0.44827586 | V11: =V7 -> 0.57142857 | W11: =W8 -> 0.77586207 | X11: =X8 -> 0.71428571 | Y11: =$C$1*I11*K11*M11*O11*Q11*S11*U11*W11 -> 0.0085171562 | Z11: =$C$2*J11*L11*N11*P11*R11*T11*V11*X11 -> 0.0040577992 | AA11: =MAX(Y11:Z11) -> 0.0085171562 | AB11: A | AC11: A | AD11: =IF(AB11=AC11,TRUE,FALSE) -> TRUE
A12: mid | B12: mid | C12: excellent | D12: mid | E12: unstable | F12: stable | G12: stable | H12: 15 | I12: =I7 -> 0.62068966 | J12: =J7 -> 0.57142857 | K12: =COUNTIFS(LSURF,'DATA TRAINING'!$B$6,DECISION,'DATA TRAINING'!$I$2)/'PERHITUNGAN MANUAL'!$F$1 -> 0.46551724 | L12: =L7 -> 0.52380952 | M12: =M7 -> 0.46551724 | N12: =N7 -> 0.42857143 | O12: =O7 -> 0.55172414 | P12: =P7 -> 0.71428571 | Q12: =Q9 -> 0.48275862 | R12: =R9 -> 0.47619048 | S12: =S7 -> 0.93103448 | T12: =T7 -> 0.85714286 | U12: =U7 -> 0.44827586 | V12: =V7 -> 0.57142857 | W12: =W7 -> 0.17241379 | X12: =X7 -> 0.19047619 | Y12: =$C$1*I12*K12*M12*O12*Q12*S12*U12*W12 -> 0.0018927014 | Z12: =$C$2*J12*L12*N12*P12*R12*T12*V12*X12 -> 0.0010820798 | AA12: =MAX(Y12:Z12) -> 0.0018927014 | AB12: A | AC12: S | AD12: =IF(AB12=AC12,TRUE,FALSE) -> FALSE
A13: mid | B13: mid | C13: good | D13: mid | E13: unstable | F13: stable | G13: stable | H13: 15 | I13: =I7 -> 0.62068966 | J13: =J7 -> 0.57142857 | K13: =COUNTIFS(LSURF,'DATA TRAINING'!$B$6,DECISION,'DATA TRAINING'!$I$2)/'PERHITUNGAN MANUAL'!$F$1 -> 0.46551724 | L13: =L7 -> 0.52380952 | M13: =COUNTIFS(LO,'DATA TRAINING'!$C$5,DECISION,'DATA TRAINING'!$I$2)/'PERHITUNGAN MANUAL'!$F$1 -> 0.51724138 | N13: =COUNTIFS(LO,'DATA TRAINING'!$C$5,DECISION,'DATA TRAINING'!$I$2)/'PERHITUNGAN MANUAL'!$F$1 -> 0.51724138 | O13: =O7 -> 0.55172414 | P13: =P7 -> 0.71428571 | Q13: =Q9 -> 0.48275862 | R13: =R9 -> 0.47619048 | S13: =S7 -> 0.93103448 | T13: =T7 -> 0.85714286 | U13: =U7 -> 0.44827586 | V13: =V7 -> 0.57142857 | W13: =W7 -> 0.17241379 | X13: =X7 -> 0.19047619 | Y13: =$C$1*I13*K13*M13*O13*Q13*S13*U13*W13 -> 0.0021030015 | Z13: =$C$2*J13*L13*N13*P13*R13*T13*V13*X13 -> 0.0013059584 | AA13: =MAX(Y13:Z13) -> 0.0021030015 | AB13: A | AC13: A | AD13: =IF(AB13=AC13,TRUE,FALSE) -> TRUE
A14: mid | B14: mid | C14: excellent | D14: mid | E14: unstable | F14: stable | G14: stable | H14: 10 | I14: =I7 -> 0.62068966 | J14: =J7 -> 0.57142857 | K14: =COUNTIFS(LSURF,'DATA TRAINING'!$B$6,DECISION,'DATA TRAINING'!$I$2)/'PERHITUNGAN MANUAL'!$F$1 -> 0.46551724 | L14: =L7 -> 0.52380952 | M14: =M7 -> 0.46551724 | N14: =N7 -> 0.42857143 | O14: =O7 -> 0.55172414 | P14: =P7 -> 0.71428571 | Q14: =Q9 -> 0.48275862 | R14: =R9 -> 0.47619048 | S14: =S7 -> 0.93103448 | T14: =T7 -> 0.85714286 | U14: =U7 -> 0.44827586 | V14: =V7 -> 0.57142857 | W14: =W8 -> 0.77586207 | X14: =X8 -> 0.71428571 | Y14: =$C$1*I14*K14*M14*O14*Q14*S14*U14*W14 -> 0.0085171562 | Z14: =$C$2*J14*L14*N14*P14*R14*T14*V14*X14 -> 0.0040577992 | AA14: =MAX(Y14:Z14) -> 0.0085171562 | AB14: A | AC14: A | AD14: =IF(AB14=AC14,TRUE,FALSE) -> TRUE
A15: mid | B15: mid | C15: good | D15: mid | E15: unstable | F15: stable | G15: stable | H15: 15 | I15: =I7 -> 0.62068966 | J15: =J7 -> 0.57142857 | K15: =COUNTIFS(LSURF,'DATA TRAINING'!$B$6,DECISION,'DATA TRAINING'!$I$2)/'PERHITUNGAN MANUAL'!$F$1 -> 0.46551724 | L15: =L7 -> 0.52380952 | M15: =M13 -> 0.51724138 | N15: =N13 -> 0.51724138 | O15: =O7 -> 0.55172414 | P15: =P7 -> 0.71428571 | Q15: =Q9 -> 0.48275862 | R15: =R9 -> 0.47619048 | S15: =S7 -> 0.93103448 | T15: =T7 -> 0.85714286 | U15: =U7 -> 0.44827586 | V15: =V7 -> 0.57142857 | W15: =W7 -> 0.17241379 | X15: =X7 -> 0.19047619 | Y15: =$C$1*I15*K15*M15*O15*Q15*S15*U15*W15 -> 0.0021030015 | Z15: =$C$2*J15*L15*N15*P15*R15*T15*V15*X15 -> 0.0013059584 | AA15: =MAX(Y15:Z15) -> 0.0021030015 | AB15: A | AC15: S | AD15: =IF(AB15=AC15,TRUE,FALSE) -> FALSE
A18: KESIMPULAN
A19: Berdasarkan perhitungan tersebut, dari 9 data testing menghasilkan 5 data sesuai dan 4 data tidak sesuai.
A20: Atau dengan akurasi sebesar | D20: =COUNTIF(AKURASI,AD7)/COUNTA(AKURASI) -> 0.55555556
A22: Keterangan :
A23: No | B23: Warna | C23: Keterangan
A24: 1 | C24: Probabilitas class A dan S pada data training
A25: 2 | C25: Jumlah data A dan S pada data trainng ( di kolom DECISION )
A26: 3 | C26: Jumlah data training keseluruhan
A27: 4 | C27: Probabilitas nilai atribut data testing terhadap class A (pada kolom DECISION), Misalnya P=(L-CORE|A)
A28: 5 | C28: Probabilitas nilai atribut data testing terhadap class S (pada kolom DECISION), Misalnya P=(L-CORE|S)
A29: 6 | C29: Total probabilitas class A ( Hasil perkalian dari warna nomor 4 dengan Probabilitas class A )
A30: 7 | C30: Total probabilitas class S ( Hasil perkalian dari warna nomor 5 dengan Probabilitas class S )
A31: 8 | C31: Decision atau keputusan ( Hasil perbandingan dari warna nomor 6 dan 7, diambil nilai maximumnya )
A32: 9 | C32: Nilai seharusnya ( Nilai yang seharusnya dihasilkan pada warna nomor 8, apakah sesuai atau tidak )
A33: 10 | C33: Akurasi ( Hasil perbandingan warna nomor 8 dan 9, jika sesuai maka bernilai TRUE, jika tidak maka bernilai FALSE )
A34: 11 | C34: Akurasi TRUE ( Hasil perbandingan nilai warna 8 dan 9 adalah sama atau sesuai )
A35: 12 | C35: Akurasi FALSE ( Hasil perbandingan nilai warna 8 dan 9 adalah tidak sama atau tidak sesuai )
... A37: 14 | C37: Atribut dan nilai data testing yang akan diuji
